task,attr_conc.mean,attr_conc.sd,attr_ent.mean,attr_ent.sd,best_node.mean,best_node.sd,can_cor.mean,can_cor.sd,class_conc.mean,class_conc.sd,class_ent,cor.mean,cor.sd,cov.mean,cov.sd,eigenvalues.mean,eigenvalues.sd,elite_nn.mean,elite_nn.sd,eq_num_attr,g_mean.mean,g_mean.sd,gravity,h_mean.mean,h_mean.sd,iq_range.mean,iq_range.sd,joint_ent.mean,joint_ent.sd,kurtosis.mean,kurtosis.sd,lh_trace,linear_discr.mean,linear_discr.sd,mad.mean,mad.sd,max.mean,max.sd,mean.mean,mean.sd,median.mean,median.sd,min.mean,min.sd,mut_inf.mean,mut_inf.sd,naive_bayes.mean,naive_bayes.sd,nr_cor_attr,nr_disc,nr_norm,nr_outliers,ns_ratio,one_nn.mean,one_nn.sd,p_trace,random_node.mean,random_node.sd,range.mean,range.sd,roy_root,sd.mean,sd.sd,sd_ratio,skewness.mean,skewness.sd,sparsity.mean,sparsity.sd,t_mean.mean,t_mean.sd,var.mean,var.sd,w_lambda,worst_node.mean,worst_node.sd
kr-vs-kp,0.3346960797878539,0.23489953234864086,0.3617823146145924,0.3984153135904913,0.4896346003134796,0.12722622572516934,0.7998227058688786,0.0,0.24147548195824917,0.23971399811535285,0.9985755386554581,0.0,0.0,0.005397881542391879,0.017575321088997634,0.08626142081500014,0.2142636607408091,0.5222159090909091,0.0010062855633715772,87.46335737115113,0.0,0.0,1.068729580970586,0.0,0.0,0.23636363636363636,0.4267924474038494,1.3489407802389068,0.38803393958995,0.0,0.0,1.7755909268748984,0.8901293103448277,0.0748420489267111,0.0,0.0,0.6636363636363637,0.47462728452546143,0.32727272727272727,0.36764056134918555,0.32727272727272727,0.4713652026775482,0.0,0.0,0.011417073031143758,0.03265884441499823,0.6130505485893416,0.09943902765153101,0.011509591326105089,1,37.0,47,30.6878339682784,0.7684923589341693,0.07714059664499615,0.6397163608234147,0.5222159090909091,0.0010062855633715772,0.6636363636363637,0.47462728452546143,1.7755909268748984,0.21912915727398347,0.19645532342717162,0.0,0.0,0.0,0.6680779627258501,0.23738791883307897,0.3271257939141151,0.4200168848478105,0.0862614208150001,0.09344190728773241,0.36028363917658535,0.5222159090909091,0.0010062855633715772
letter,0.03056829686312393,0.042499328196057715,2.974428183442268,0.2553794347937495,0.0718,0.0015846485765339596,0.46783509838487347,0.2779188010520902,0.09957661787136562,0.07452333278406463,4.699810726573159,0.18289592284889136,0.20883400417881975,0.9493679248545764,1.1508098987470168,5.344023546021049,6.297241336632568,0.11545000000000001,0.025253657600874814,9.491018867611547,0.0,0.0,4.932417448237124,0.0,0.0,2.625,0.7187952884282609,7.17905385221184,0.41914193982052717,0.6968937761577464,0.6926791152022074,11.901269185025082,0.7016499999999999,0.013705331484904387,2.038575,0.7413,15.0,0.0,5.925465625,1.821919546588044,5.75,1.9148542155126762,0.0,0.0,0.49518505780358707,0.3199190034558558,0.6417999999999999,0.010462100914995802,0.125,16,0.0,15,5.006700195348103,0.9600500000000001,0.005203898111565571,4.6604977681660165,0.07199999999999998,0.0015634719199411403,15.0,0.0,3.73015430451973,2.2737711454464016,0.43079872999677876,1.842830622222104,0.29025349099817976,0.47008955142812014,0.06245312265613281,0.0,5.841932291666668,1.917117566097495,5.344023546021051,2.0545617938591416,0.0009799904126736563,0.0504,0.002092313976863361
balance-scale,-6.250002346150688e-08,0.0,2.3219280948873626,0.0,0.44631336405529953,0.10905797510939964,0.4239273511970778,0.5638095238095238,0.04375591335433088,2.042755054537624e-17,1.318116246441582,0.0,0.0,0.0,0.0,2.003205128205128,0.0,0.44157706093189963,0.04856726718979388,9.738297352507818,2.6051710846973517,0.0,1.2190676701606842,2.1897810218978107,5.127900497022837e-16,2.0,0.0,3.5046904700382777,7.251946429389431e-16,-1.3054356480000002,0.0,2.09347480877095,0.854531490015361,0.058575718381658655,1.4826,0.0,5.0,0.0,3.0,0.0,3.0,0.0,1.0,0.0,0.13535387129066656,5.127900497022837e-16,0.8415770609318995,0.09569404049394797,0.0,2,0.0,0,16.154500811440574,0.7042498719918074,0.06892118742797562,0.677309977324263,0.6352022529441885,0.038935716506709225,4.0,0.0,2.092836646677778,1.4153462926807447,0.0,1.3063253678127413,0.0,0.0,0.1987179487179487,0.0,3.0,0.0,2.003205128205128,0.0,0.32312157383786844,0.6387864823348695,0.09864761993987997
mfeat-factors,0.029949615552267234,0.03730118698103624,3.524252637219526,0.12456779410459584,0.191,0.005163977794943227,0.927063801426353,0.04816790849949749,0.08749936777500142,0.02844954552737273,3.321928094887362,0.24962607000660886,0.19686925473896782,724.1860985179496,1725.1678665991856,4581.543057130417,28058.779382923614,0.23350000000000004,0.03815538406743318,5.317720790061521,308.9061670678106,348.44912811285946,1207.0819047396908,304.2240827859103,345.87727104376927,69.26041666666667,66.23977021722096,6.2214905262773845,0.18509946271053293,-0.3200812124026754,0.5393288166895035,89.28822582027885,0.9809999999999999,0.008432740427115686,49.47147916666666,47.52937216736205,474.6111111111111,480.6303193473847,318.27038888888893,346.74519592263925,318.1134259259259,348.94240193106043,188.0601851851852,237.6882090743855,0.6246902058295036,0.179375390387445,0.9245000000000001,0.015356865999719246,0.11119724375538328,9,1.0,131,4.641600595514056,0.9475,0.01874536979866997,7.753586806509453,0.178,0.011105554165971789,286.5509259259259,267.6121754783495,24.894755972030165,49.581313183956304,46.185625019164064,0.0,0.02751918990868509,0.4249703134101653,0.018878346760377675,0.018914304438202193,317.9185185185185,348.0111192226217,4581.543057130418,5584.125415981536,3.2064386956221995e-09,0.1965,0.004743416490252573
mfeat-fourier,0.010473170663447232,0.004687428443098443,3.584956441221679,1.4726575779465782e-06,0.191,0.008096638534327412,0.7214369787874418,0.23007354764938864,0.03862234908914019,0.034718768067232376,3.321928094887362,0.14589066038128862,0.10352045337399217,0.0007167773171461904,0.0009834523779476115,0.0055202826849699675,0.012127960943888266,0.229,0.03935592571505451,11.401216482645065,0.11176989956186348,0.05890530497567272,0.797043009074108,0.08415997438098963,0.04566589766420451,0.09598725911184211,0.05310480752747529,6.6155184261905084,0.23040679484184495,0.11259554101330853,0.6362908601643319,30.989930256419356,0.806,0.023897931105246528,0.06997288616407896,0.03795016888764272,0.3819513794736842,0.14996471638605519,0.13203208401769737,0.06846331864492629,0.1262276590789474,0.0698719976883466,0.003192156710526316,0.002479226632292895,0.2913661099185339,0.23040676021179649,0.766,0.026012817353502252,0.00631578947368421,9,0.0,69,11.303958213342087,0.827,0.021239376429431963,5.107712527881371,0.1505,0.011654755824698057,0.37875922276315793,0.14835346525342397,16.403901197805997,0.0671079516668835,0.03209926657758911,2.1008587886562915,0.5438839049092433,0.2488123124334294,1.6084735963029035e-06,5.295566083550239e-07,0.12739265661875,0.06888200686591843,0.005520282684969967,0.0058788737976118435,5.04080761535979e-05,0.14350000000000002,0.02173706511928416
breast-w,0.20575079829008613,0.09842724582725548,1.838680443533674,0.5906815089467223,0.9099378881987578,0.04512887687921075,0.9158893450408838,0.0,0.253030634806316,0.10954242982625856,0.9293179372497983,0.6003818891785543,0.13174602416441855,4.674606045658534,1.8493379374607073,7.843880761118239,15.344917283425707,0.8499378881987578,0.07060630322183169,1.8764875297157033,2.0029173833058964,0.9799639246194234,13.294328998100593,1.5699328232700152,0.7561621036980845,3.0,1.3228756555322954,2.272755048476013,0.5371549011616915,1.6573845120513662,4.161503065364942,5.205525478251682,0.9571428571428571,0.04312088161017817,0.4942,1.0483565137871753,10.0,0.0,3.126688920680337,0.7436870684683475,1.6666666666666667,1.1180339887498947,0.8888888888888888,0.33333333333333337,0.4952433323074597,0.13814749582460562,0.9599585921325053,0.029948701163949563,0.75,1,0.0,5,2.712680865316879,0.9556728778467909,0.04281399627776741,0.8388532923594191,0.8510973084886129,0.05239079878104264,9.11111111111111,0.33333333333333337,5.205525478251682,2.7507306592961687,0.5585980677258869,1.448653189641223,1.4739855354144622,0.8403012590929038,0.09893539019613519,0.005077371625575981,2.2222222222222223,0.8564535706709794,7.843880761118239,2.978853258480729,0.16114670764058092,0.8485714285714285,0.08114822249196493
mfeat-karhunen,0.009920375427353861,0.0038550615567889733,3.5849565906921574,1.0831206646577665e-06,0.188,0.0075277265270908165,0.8098470653325873,0.11446801361698128,0.03604646814485218,0.02517886417733166,3.321928094887362,0.10720046604904641,0.08336768154338597,0.5524602893457025,0.9243396345741863,6.491588677205072,13.013808957019444,0.2795,0.02629427483101385,12.06035335179629,0.0,0.0,18.498333372495633,0.0,0.0,2.9604338379296875,2.0538280754625093,6.631442665102352,0.1808659862193915,-0.0514900121007718,0.25343786689836234,29.1756188676682,0.951,0.011972189997378636,2.182102207215,1.4923378033998846,6.893724891875,3.9036383210531334,0.05308473924664062,0.7394593795167501,0.04568855382812502,0.7425866299063965,-6.7565145228125,3.3739291081874154,0.27544202047716854,0.18086576650133507,0.9390000000000001,0.021959558789334102,0.000496031746031746,9,28.0,61,12.015285701439717,0.974,0.011972189997378658,6.0074938321815745,0.16649999999999998,0.011559027256266468,13.6502394146875,7.023282595502795,10.861036795391549,2.1526628287026788,1.3737240029177478,1.906035924584587,-0.00427923625665644,0.1644583897068151,1.517067369877409e-06,5.363521576058539e-08,0.0462514596875,0.7426381825565573,6.491588677205074,9.75555816406087,1.2563704282949464e-05,0.14550000000000002,0.017551511489201022
mfeat-morphological,0.24982278901589205,0.2026091096762923,2.6010475566519244,1.1132058016888198,0.198,0.004830458915396484,0.6018713397624925,0.3431770426417813,0.4526141720697969,0.32442236417451015,3.321928094887362,0.5727573352912986,0.32130961022416676,6498.553949737279,23504.324454505186,2353407.434873242,5764630.1322490545,0.29450000000000004,0.07220533990717799,2.681516244088238,860.9859275544521,2033.4180227197583,2168.300552755149,695.1521016090242,1628.2990501698819,1006.6428627587497,2443.6534248376806,4.684151123733051,1.0208476961344437,-0.540357257851879,0.412796555442899,44.991327575540005,0.7389999999999999,0.018973665961010293,708.3668575965311,1721.292533755333,2969.839272355,7154.2448875066675,1052.6997316402774,2500.4761690402534,901.6869907466667,2133.7224857773595,256.69782190666666,580.8272604590048,1.2388245278062358,0.27679732679802255,0.6944999999999999,0.026920665337658745,0.7333333333333333,6,0.0,1,1.0996093460128469,0.44749999999999995,0.027512623365365287,2.7623470707467814,0.19850000000000004,0.002415229457698242,2713.141450448333,6574.397169899063,39.959864183757595,630.9070825140196,1531.8082209363765,0.0,0.5307700993518086,0.36634179516513604,0.1069700579873133,0.13428191820603494,960.9828335317335,2278.1421325409597,2353407.4348732415,5764339.809215965,0.0015175958808919874,0.1975,0.0048591265790377544
mfeat-zernike,0.03355026937899322,0.06844056484704394,3.584956726082243,1.795561255245292e-15,0.185,0.007817359599705717,0.7160985586972515,0.2557856482035987,0.05397938200340831,0.02411376993342046,3.321928094887362,0.2577673468649649,0.21297227886581255,386.5446035561373,828.0089360777959,2910.4386186554434,7370.016572640172,0.1835,0.018863545089227877,8.330996171658219,76.10954922235662,100.61616211231592,532.6752210221024,59.27453675011991,97.41204915429475,56.50728719276595,51.86985380620137,6.508141618303341,0.17153442572347966,0.7268303504961955,1.4168759180277448,20.237850467851853,0.8140000000000001,0.03264284845958689,40.98755702567891,37.670969851165694,221.22523790510638,207.45851057764443,88.63642941472713,105.16803471792882,83.48502914585106,103.68203413984314,13.034599618723405,49.82700295491813,0.3987432026662615,0.17153442572347963,0.7265,0.018416478128748373,0.1267345050878816,9,0.0,40,7.990640347248165,0.7995,0.022167293224227624,5.13858469453001,0.11499999999999999,0.007453559924999299,208.190638286383,186.03906133132602,7.218153668563044,40.125452921755205,36.45073279651477,0.0,0.7896442267750822,0.48693065342941755,1.591106059069886e-06,2.895691464151629e-07,84.67692958992872,104.00831986604496,2910.4386186554443,3886.029216633387,0.00011890896299391891,0.1515,0.02173706511928416
cmc,0.13304910783019147,0.2152096151223873,0.6662497331114322,0.7438055617448247,0.4270224305938591,0.00229587120626198,0.34056342103008486,0.08953986560408513,0.14268090375338838,0.21468466459266303,1.5390345832497476,0.0,0.0,0.04992887202622107,0.4912174324270777,2.4715861131503094,12.449954644006715,0.41958540172825887,0.014880841462750205,112.47148467484314,1.0158998070265512,5.656290741768329,1.4107130841210718,0.9824536230565509,5.470070270587504,0.8387096774193549,2.353674774950133,2.1916005405339196,0.7288446530822158,0.0,0.0,0.278178051489019,0.5084896120610407,0.032475288887689226,0.3826064516129032,1.6671941678431832,2.806451612903226,9.008956117252467,1.3806364014628911,5.813558259207115,1.2580645161290323,5.738569751749902,0.5161290322580645,2.8736848324283994,0.013683775827260762,0.018185223573167004,0.42912759698473985,0.036633443867938056,0.01935483870967742,2,7.0,13,47.68902717509682,0.44257676043390326,0.03947031769385566,0.23998427501982728,0.4270224305938591,0.00229587120626198,2.2903225806451615,6.336105788190392,0.1949104034802039,0.6094491624691568,1.4731473424496562,0.0,0.0,0.0,0.5834616832357067,0.25458876042814,1.3010388190267907,5.717966595720985,2.4715861131503103,12.143312799173678,0.7725540696127,0.4270224305938591,0.00229587120626198
optdigits,0.05832787011894445,0.13624617720268778,2.1819868595250167,1.390175512105232,0.19466192170818503,0.0035784349060494322,0.7963519728380145,0.12539697646661452,0.1195809220109714,0.09112308094166509,3.3218327248667654,0.0,0.0,2.2359895100111027,3.5836040966434086,18.813698004839004,36.94660054320213,0.14555160142348755,0.02789303169656144,10.606471618611037,0.0,0.0,37.19638178638707,0.0,0.0,6.0,5.151667937637532,5.190630350090906,1.2226478611230003,0.0,0.0,24.927206133115398,0.9469750889679716,0.01161667204967508,3.6370031249999997,3.716414863901096,13.390625,5.016218734946214,4.911243327402135,4.2227784915451965,4.765625,5.070118459215346,0.0,0.0,0.3131892343008762,0.20501090406267908,0.7905693950177936,0.02315523330941611,0.02827380952380952,9,2.0,29,5.9669919031406256,0.9843416370106762,0.0054230744724377035,5.8333833954427305,0.19715302491103204,0.0028813660264510356,13.390625,5.016218734946214,6.699432313798031,3.6862924649286324,2.303884006747176,0.0,0.0,0.0,0.12412652037062682,0.18835427932942186,4.778145388493476,4.756955274242546,18.81369800483901,14.952573922455107,2.35724828200232e-05,0.10142348754448398,1.4628472785736255e-17
credit-approval,0.09242347028911278,0.1846475616857277,0.6376035291567277,0.8024968710873072,0.855072463768116,0.1843360775684919,0.7869357789687271,0.0,0.09008768707596844,0.17570038592211026,0.9912308989033523,0.0,0.0,41.70924589797148,1371.673509934314,485279.5771774532,3627368.5083646174,0.4971014492753623,0.16665616434039096,26.567653477803805,0.0,0.0,1840.5965862549483,0.0,0.0,11.489910714285713,59.43169043104768,1.591524738676654,0.7725875131862202,0.0,0.0,1.626518891134072,0.8521739130434783,0.18214546464576595,3.047934375,19.833868482092665,1825.8705357142858,13360.266457858532,22.273832556935822,137.56902593118684,3.6592857142857147,21.610288194379912,0.0,0.0,0.037309689383425805,0.08862848071929084,0.826086956521739,0.09267307291425543,0.02077922077922078,1,5.0,42,16.089489076260502,0.655072463768116,0.051489517273330336,0.6192679202211173,0.6072463768115941,0.05973562297449133,1825.8705357142858,13360.266457858532,1.626518891134072,96.82156816041308,696.1019912538816,0.0,0.0,0.0,0.4915597612262517,0.22106684851838224,5.209319573844032,24.28209511806603,485279.57717745315,3627353.9809524897,0.3807320797788827,0.553623188405797,0.006110681468924385
credit-g,0.09037353631826428,0.18567659640208034,0.5907509858429103,0.6468478145997698,0.7,0.0,0.5305177655284922,0.0,0.11865375767505779,0.20656818790173717,0.8812908992306927,0.0,0.0,9.979282720264122,399.67628891281294,104843.79017302844,913980.5369315434,0.595,0.028382310609877344,153.69331164781497,32.53361658891917,276.7518877608768,952.6892119846704,24.522983242623194,207.497510175997,34.94407894736842,298.9478845291829,1.4663077975600871,0.6425918668653396,0.0,0.0,0.39168985713008403,0.7540000000000001,0.054201270997807596,21.702532894736844,186.61989006229697,245.25,2113.081403227681,44.06693421052631,375.1492464146089,31.414473684210527,265.9954935477654,3.6447368421052633,28.721979480237042,0.00573408751351622,0.011766447922017555,0.714,0.03596294389136314,0.005614035087719298,1,15.0,42,102.0244105013064,0.609,0.0425440947723653,0.28144909954134417,0.7,0.0,241.60526315789474,2084.4368133315847,0.39168985713008403,37.72904550665527,323.72711773265786,0.0,0.0,0.0,0.5693095296765373,0.23881452294564057,33.747149122807016,286.1362573511951,104843.79017302829,913973.8936395074,0.7185509004586559,0.7,0.0
pendigits,0.04535551134183696,0.03613385794565789,3.9133347730224415,0.42575158794558804,0.20087410042187112,0.0062369250182915245,0.6743750924060115,0.21804784203429153,0.10799985054151079,0.059375442405813335,3.320771738890595,0.2711952124870168,0.2043155599389527,240.30587554528054,207.7193141923428,929.6726760355245,1327.6716974659962,0.273745636529076,0.04535197254007422,4.579692444105348,0.0,0.0,144.8126621658777,0.0,0.0,48.5625,19.28719350588191,6.508998487865514,0.5446337744832958,-0.501815461875773,1.1469822233810407,15.795135048838501,0.8761784266688725,0.02506119228406267,31.922231249999996,12.665803438535788,100.0,0.0,50.711045533115,16.762180915296888,49.84375,22.765265025179627,0.0,0.0,0.725108024047522,0.24208528742544458,0.8559820497973364,0.01895591963947068,0.125,9,0.0,3,4.396899004341966,0.9930856977417488,0.0021959415174063186,4.47339477864504,0.2032383158243031,0.004228164589137478,100.0,0.0,6.7065407421346075,29.774238237334707,6.785664373031173,0.0,-0.03918538514845782,0.6761329705788066,0.009862085056310607,0.00014513108070225144,50.021452395391144,20.73912732295538,929.6726760355245,392.62892713363277,0.0005760915840099455,0.20278459756803707,0.004183586227500916
diabetes,0.02884043879647566,0.032110536993722905,2.958105757854844,0.34168940624694744,0.7175495557074505,0.04223791061255697,0.5506842068290063,0.0,0.012489816958077828,0.008523298017724576,0.9331343166407832,0.17165678897092654,0.13243386555206987,109.35023488509582,266.09287378284074,1893.0594716960927,4682.592251943366,0.623838004101162,0.06656896636938761,12.954877983803813,3.9807001879224595,11.105207416322994,45.24310842710197,3.786169797298347,10.58269832128959,31.2728125,41.090233272933695,3.819210502483649,0.33576329242709607,2.7345612250230227,2.913385829403486,0.43524139649272914,0.7734962406015038,0.036540402856012844,15.6168744375,15.086466992445496,179.19,276.32481342486363,44.98579117838541,41.635276665409364,38.3590625,38.609856900646406,2.63475,7.420731803535283,0.07202957201197785,0.051608772198093886,0.7564935064935066,0.034824118651366746,0.03571428571428571,1,0.0,8,40.06793467220572,0.6796650717703349,0.05890507604429617,0.3032530956508918,0.6510594668489406,0.003602503600100705,176.55525,277.4951336879622,0.43524139649272914,25.733742975451573,37.5055644506936,1.0325939949354748,0.5271805558363709,1.321603237158665,0.015922964296627953,0.018549250712783114,40.20920779220779,38.843545867894534,1893.0594716960932,4613.544969593338,0.6967469043491082,0.6497607655502392,0.046191851282160426
spambase,0.04172151383965796,0.03885351272205458,1.1300979537647549,0.9933147378164653,0.7720140526266152,0.055839021861601126,0.7482889655344748,0.0,0.047754220669425015,0.04069657302270906,0.9673602371807668,0.060853842705061244,0.10267951019901941,40.02508021853806,1410.6090282787297,7134.7793565520715,50011.95083201693,0.3957837404508158,0.0380218657367668,12.449912573695514,1.9559089135609302,12.458804746744406,321.02410795999555,0.6529518164638969,3.9120529750334487,4.85180701754386,30.880655182167846,2.0197580278757323,0.9496613437367313,240.8006984306971,296.788555243399,1.2723986835711354,0.8832877487503537,0.01874694832058995,2.3560074631578947,15.229057799878484,483.9420701754385,2458.9307444585675,6.150770191072116,37.99691943622714,1.9994912280701755,12.697774612566127,0.05263157894736842,0.2252817784447915,0.07770016306978973,0.06953792203435827,0.8217730830896915,0.08133116403283386,0.019423558897243107,1,0.0,57,13.544344684961718,0.7883150995001416,0.040422022135695804,0.5599363759406544,0.7917966613222672,0.027724336411021247,483.8894385964912,2458.745703144499,1.2723986835711354,15.193997694546765,83.82843257689868,2.8212984024920935,11.179346104377071,6.954062957514436,0.00608379711806254,0.004603863990873242,2.5357078798045456,16.10753587969775,7134.779356552071,48864.66371722257,0.4400636240593456,0.6185640856361407,0.040081752959153366
splice,0.059341502557382894,0.18158585995793936,0.555608187042243,0.37383199539230905,0.6238244514106583,0.01386259055529948,0.8485399482130087,0.0308975461522532,0.10380434307311627,0.1877970724751597,1.4801700696136335,0.0,0.0,0.002782706063180785,0.006190500639823838,0.12807031259381643,0.15353707721133728,0.24043887147335422,0.001514250443697964,101.33804178966193,0.0,0.0,1.8778592275031933,0.0,0.0,0.30187319884726227,0.4591437193006824,2.0211719938598587,0.3655495760159298,0.0,0.0,5.283743420682616,0.9473354231974923,0.01415873327979463,0.0,0.0,0.8270893371757925,0.37871611613460504,0.1729106628242075,0.1225793705343681,0.005763688760806916,0.07580917293312588,0.0,0.0,0.014606262796017774,0.0426939528576156,0.7476489028213166,0.060682580598681764,0.012626809481767753,2,60.0,182,37.0390381031432,0.7300940438871474,0.03441778496047248,1.4409947457849015,0.5188087774294672,0.0016521826855634251,0.8270893371757925,0.37871611613460504,3.124986162607289,0.2997692306772273,0.1957527797051317,0.0,0.0,0.0,0.5863256529333994,0.18941743657406554,0.0598411823692555,0.07574889161657858,0.1280703125938164,0.08711509585823145,0.07674697225437271,0.5188087774294672,0.0016521826855634251
tic-tac-toe,0.08944628823755067,0.18585845258799052,0.6714395855110628,0.40184800243605945,0.6994627192982457,0.08369848645834484,0.9660246487156879,0.0,0.1357092913449383,0.21447448575031083,0.9309539862507962,0.0,0.0,0.011521192501683458,0.024682314001359153,0.16166875968186178,0.19066779263893127,0.6534429824561404,0.004274034729253482,120.37379576884437,0.0,0.0,0.6304258113102096,0.0,0.0,0.6111111111111112,0.4944132324730442,1.5946597125751092,0.3966215969082096,0.0,0.0,13.970871607681657,0.9663157894736842,0.106518826447777,0.0,0.0,0.75,0.43915503282683993,0.24999999999999994,0.1635324246294126,0.0,0.0,0.0,0.0,0.0077338591867495915,0.016767514276209164,0.6285416666666666,0.0964318310506519,0.014285714285714285,1,9.0,5,85.81818084578514,0.7382236842105263,0.06636604078632537,0.9332036219262683,0.6534429824561404,0.004274034729253482,0.75,0.43915503282683993,13.970871607681657,0.347267694544422,0.20554184059809838,0.0,0.0,0.0,0.6246081504702193,0.21980696000423858,0.16859567901234568,0.15386673250253693,0.16166875968186173,0.09838016816377076,0.06679637807373172,0.6534429824561404,0.004274034729253482
vehicle,0.10254725289663169,0.12910064984678407,3.0929297541798166,0.15781184371987997,0.39718487394957985,0.022723098719688993,0.6738147443927072,0.27156173640598885,0.0452609441350749,0.026507950460239113,1.999066765534363,0.4070565349191194,0.34247694047500554,278.44615465072445,851.9534342935542,2025.5889786487978,8224.542093947199,0.3308543417366947,0.06108612453087345,7.738272393698158,113.83867084854721,101.74809481733129,159.43085579722043,111.36287191706428,96.84180561070296,34.56944444444444,61.11337135600303,4.833661498170825,0.22519095621146792,5.0964765381202675,15.12629136474275,4.621441494534748,0.7802521008403361,0.040877274921928074,21.168233333333333,31.898934062460086,198.88888888888889,227.40838850710563,117.63494877856581,106.38822560976683,111.55555555555556,92.85629138444632,78.38888888888889,63.11906478924796,0.258335021543355,0.12855558816748985,0.4631932773109244,0.05913703453636317,0.39215686274509803,3,0.0,8,10.972553065789985,0.6513445378151261,0.02943148450416694,1.5095704826426994,0.35232492997198883,0.02471186991335459,120.5,188.88192701510957,2.435826672164415,22.770839172096302,39.94658309531972,0.0,1.0378871009079125,1.6937191094945223,0.024529774191604656,0.018416543403109928,114.9032152230971,100.6629073063975,2025.5889786487985,7298.497058744341,0.083399959897304,0.3711484593837535,0.021436757598988148
electricity,0.07105929425534258,0.14858408703784007,2.3658642329618305,2.114144843413258,0.7545432387613972,0.09600363695545121,0.4648312679811695,0.0,0.03523842489647954,0.1285955441494433,0.9835093906057097,0.0,0.0,0.006262037970959001,0.00816999849239054,0.07509235809999286,0.06810625354281306,0.652296107446924,0.06560554900724631,23.808571291393818,0.0,0.0,0.16874585405119694,0.0,0.0,0.126905,0.24310053896831962,3.3080645765622188,2.0660536607208444,0.0,0.0,0.27562101990406224,0.7120626797098268,0.055687160735766954,0.09058923216,0.18057159840760564,0.9333333333333333,0.2581988897471611,0.22728495087541195,0.18531570595541055,0.1526645,0.216941491380823,0.0,0.0,0.04130904700532043,0.06940426571939909,0.7286340757784512,0.076524175112324,0.01904761904761905,1,4.0,12,56.272302424626666,0.6611898896744074,0.05188628360678955,0.21606810769298185,0.7545432387613972,0.09600363695545121,0.9333333333333333,0.2581988897471611,0.27562101990406224,0.23816288818049608,0.14029610316926913,0.0,0.0,0.0,0.30155036902915777,0.3146844355485651,0.1603052913957138,0.22820283941268077,0.0750923580999922,0.0553043163010863,0.7839318923070182,0.5754546253201687,0.00010084155749812242
satimage,0.09270065879776435,0.042561175989963576,4.08936983564161,0.06784721313661382,0.4248833592534992,0.005327208949161274,0.6069285390337016,0.3886987319638666,0.09029382973843608,0.023757227401804033,2.4833618760456604,0.4957905897621942,0.3230389395268951,0.4958111163287575,0.3230559265899008,1.0000440197648082,3.5497905582667277,0.49782270606531887,0.028876972684963066,2.8062258776127327,0.0,0.0,4.388852950096111,0.0,0.0,1.4318091666666668,0.16515623546647323,5.687784460698954,0.19299116208355177,-0.1558149127988007,0.8449292386493931,15.607390451106,0.839035769828927,0.010706001258716104,1.0300095808333332,0.13037893372596365,2.8229496111111114,0.6514745615362244,-0.0005560885260065678,0.00021451329192345215,-0.007711583333333332,0.0889284599440552,-2.595993833333333,0.2900237195340606,0.8849472509883153,0.1485632206401661,0.7961119751166408,0.01561160208617775,0.4857142857142857,5,0.0,9,3.6210323056821445,0.9066874027993779,0.011451903594802755,2.446158074389188,0.4163297045101089,0.012929980592771517,5.418943444444444,0.8313265408737135,7.139078684507201,1.0000219953862934,0.00017123945344463035,1.2863145944668466,0.04044135856068928,0.5655168143030828,0.013552850002041726,0.003797144677820704,0.01826032534128218,0.0748208170254773,1.000044019764808,0.0003424767285472785,0.005545676924249869,0.41041990668740286,0.013327099749197045
eucalyptus,0.04118377264020832,0.14542242158261204,0.6055814287937351,0.8155723113801212,0.4880044427989634,0.053620574380470666,0.5362958050387054,0.2753603463168232,0.0661049222422872,0.11536236546009171,2.2620836204282746,0.0,0.0,13.856779288015598,424.43057869802584,29678.635823406596,248694.26287341423,0.5288596815994075,0.09405586204821986,36.20516640973345,0.0,0.0,405.92691829373,0.0,0.0,14.348489583333333,108.609166827715,2.805185468412235,0.7247636172722782,0.0,0.0,6.674061189098692,0.49792669381710475,0.1225316624081293,9.877204749999999,75.40570059005513,517.0759375,4308.270410856085,56.64096215466486,307.82336757375043,56.22046875,310.84733943146443,30.1875,219.09686934754393,0.062479580809774504,0.12493261457647671,0.3079415031469826,0.15468057376132924,0.02543859649122807,4,5.0,82,8.692469458741888,0.39287300999629765,0.10180763744226827,1.3779227229796154,0.38796741947426877,0.11834208435724027,486.8884375,4304.207374185434,6.015985663759203,25.698900826588417,171.24151681462033,0.0,0.0,0.0,0.46668050938756295,0.1965112193850605,56.273594692684775,310.5311613013424,29678.635823406614,248659.46227573752,0.07954179751342925,0.29074416882636056,0.005835139075852084
sick,0.2655561185064624,0.2470948366032642,0.47089018135951105,1.0311780538666941,0.9387597715183922,0.0007928383168911197,0.475223112981466,0.0,0.2505321337758958,0.24812927504200383,0.33235055553211046,0.0,0.0,0.8203945134863282,29.676107561448138,65.59421531267184,417.8797670918595,0.94274065653376,0.010882767571736052,51.957064215967165,0.02666666666666667,0.16219218941214866,18.293238429244983,0.02666666666666667,0.16219218941214866,1.4967333333333332,6.891953518873026,0.7968440984258558,1.0184888499743925,0.0,0.0,0.2917176475579838,0.9557253729667522,0.005742303160466413,1.05304136,5.042168610070237,24.9456,102.82131709571365,3.7691635878402265,17.1770401469719,3.826,17.65537656414107,0.02666666666666667,0.16219218941214866,0.006396638465765629,0.02249672645709836,0.40058664196595234,0.03734901862234262,0.023783783783783784,1,23.0,48,72.6152564944358,0.9058846645053542,0.01070287355928849,0.22583700711179522,0.9387597715183922,0.0007928383168911197,24.91893333333333,102.82773902192133,0.2917176475579838,1.9190975096118177,7.921358405035118,0.0,0.0,0.0,0.6138121039537427,0.2903141936644233,3.8064317078916368,17.62609739288925,65.59421531267185,329.4639147716569,0.7741629928882048,0.9387597715183922,0.0007928383168911197
vowel,0.061595656301130036,0.13550515909486183,1.3445870544229337,1.3616376512820385,0.16666666666666669,0.01859488386731862,0.3438036192331,0.32256471974071393,0.06158629710661318,0.13154468336413516,3.4594316186372978,0.0,0.0,0.026862151341363428,0.05034305973981846,0.23071034771972723,0.4253276918164287,0.2303030303030303,0.06186496472918977,23.009880337787777,0.0,0.0,1.05501419796192,0.0,0.0,0.4136982758620689,0.530268776100984,4.653673188083673,1.164848390336042,0.0,0.0,9.0118221088635,0.5292929292929294,0.07812608760820566,0.2520675620689655,0.3761351943731027,1.2153793103448276,0.9828403595771763,0.03338606757227446,0.7456039998543172,-0.009103448275862076,0.745147856604292,-0.6712758620689655,1.1735436535964703,0.15034548497655925,0.2669792234328251,0.5969696969696969,0.07640204735895395,0.009852216748768473,10,3.0,20,7.943315155972737,0.7393939393939395,0.0860794676432312,2.1184412717704317,0.17676767676767677,0.012821166844888739,1.8866551724137932,1.5283742126816153,5.032328365026233,0.4046602161073411,0.2633474930968402,0.0,0.0,0.0,0.3618516096355849,0.2954566275655763,-0.006428944618599778,0.7459995206227458,0.23071034771972718,0.2943819107327397,0.021730616189815363,0.09090909090909091,0.0
isolet,0.03164425946033669,0.08686533736766594,3.90251897154423,0.8837652705192912,0.07643955103518647,0.000885880819158502,0.7768096541417957,0.15438820933846617,0.0727807642476648,0.10485872511472102,4.70043827987653,0.17329807802371353,0.16117589669145496,0.03363671684052126,0.040856985964181684,0.18622938864859942,1.318680600211053,0.10709193245778612,0.013877476846564304,10.347786981153666,0.0,0.0,8.906081307226335,0.0,0.0,0.5643802269043761,0.2796199427805495,8.148711499315755,0.9267698741132153,3.6008878285219073,15.364275445263912,118.49767824372381,0.940104835258879,0.014896518696729625,0.3849170814262561,0.19252814778169977,0.9828541329011345,0.09560164978438027,0.06479603695807033,0.45581532407633174,0.05529011345218801,0.5333852294872949,-0.9348064829821717,0.1147626962536573,0.4542457521050054,0.23953282429509062,0.8454491293900794,0.02871238695838007,0.05248479235513271,25,0.0,383,7.591206309491491,0.9057292386689049,0.036581295418209474,15.657888229583119,0.07528471742207302,0.0016835575869606695,1.9176606158833063,0.14217271331257286,33.03431266429885,0.4140807323633421,0.12161622993234339,0.0,0.4418973757316318,1.810498738880012,0.0047794520437765805,0.04064148560006315,0.05622482757712916,0.5145186860303274,0.18622938864859945,0.10429984492946635,1.3572821667798535e-14,0.0664341200092163,0.0062575340069163255
analcatdata_authorship,0.017184895070015225,0.01669789550682858,2.8939566006532362,0.38307798019991973,0.6278571428571429,0.06987778626900965,0.9360618658181407,0.0277483021845172,0.05577091822684962,0.03474280681278571,1.7874160492261657,0.14842389025036848,0.11554627164169456,5.460666436075887,13.537410787282726,50.917968485848576,174.72117591653253,0.5137254901960784,0.06995966163342679,6.827544002189523,4.390547753420648,13.163716628685128,61.45022808972295,4.016060453824013,12.316659200292655,7.1571428571428575,6.868613163578967,4.419577771859875,0.3755066823663531,2.3253142913452103,3.630128984082674,24.31967403030496,0.9976190476190476,0.0050194883494736,4.998479999999997,4.579578569485074,34.4,30.42758092848362,10.12524205877357,13.369742790633518,9.2,12.729743784208472,0.8285714285714286,3.4261205871120057,0.26179487801952794,0.16488523329734547,0.9822128851540615,0.017787053578981422,0.007867494824016562,3,1.0,68,10.054290376289824,0.9892857142857142,0.013101249221602523,2.6301753864650625,0.41495798319327726,0.06086353395371753,33.57142857142857,28.01737112732257,11.87177081713851,5.356526083946353,4.748442575873746,0.0,1.110728918783191,0.680273120614929,0.0488234358962868,0.028408731203384656,9.431145685997171,12.958362044555528,50.91796848584856,124.96869779446949,0.001570872021763093,0.4707983193277311,0.05951515837610259
analcatdata_dmft,0.14490196350199824,0.23975027181238281,0.5125138814031502,0.3176461267664973,0.1907753164556962,0.028048962559814414,0.2003372050396631,0.07272967486589808,0.09184540917837815,0.18214612450673104,2.5802592077826514,0.0,0.0,0.008071037958508564,0.02023271105731815,0.11166383990214562,0.13533479089805145,0.15556962025316454,0.006014878559617968,293.518981664255,0.0,0.0,0.34829874928653176,0.0,0.0,0.2,0.4082482904638631,3.0839823145886958,0.3125324781591116,0.0,0.0,0.2356742401180833,0.19468354430379747,0.05688672941888052,0.0,0.0,0.84,0.3741657386773941,0.16,0.15436788206333496,0.04,0.2,0.0,0.0,0.008790774597106327,0.00904235916064571,0.1857120253164557,0.03876701037246332,0.01,5,4.0,16,57.301333487933505,0.16943037974683545,0.026872639779445557,0.22183340103991708,0.1719620253164557,0.021932533488168558,0.84,0.3741657386773941,0.08700589616810116,0.29610978986585385,0.1580573216422918,0.0,0.0,0.0,0.5794723618090453,0.18731789806902208,0.07807933194154489,0.1682744325536312,0.11166383990214562,0.08054199473399873,0.7956493383851009,0.19447784810126584,0.006457665132305387
mnist_784,0.0027603606003473767,0.010726552988318734,1.1334769574194044,1.313546973333786,0.1986,0.0016243610290925072,0.7492934089654033,0.12286314928540071,0.09878311980186723,0.12949184077167333,3.319837025403414,0.0,0.0,253.18813275581672,712.2937737154901,4375.029908264644,21745.912872407087,0.15262857142857142,0.018184516600419427,33.87605013304885,0.0,0.0,1238.2628016234435,0.0,0.0,62.57142857142857,99.21914803044629,4.355314451815966,1.2256086865199947,0.0,0.0,16.15210771178294,0.8656285714285714,0.010288183125223843,16.686814285714288,43.837091359004425,220.4591836734694,80.63153262516757,33.385964741253645,42.589396280060384,12.267857142857142,33.27904103423603,0.0,0.0,0.09799953100685262,0.10317065941273611,0.5563285714285714,0.006758231732126727,0.007591159068991582,9,121.0,504,10.56614675370381,0.9714142857142857,0.0028741162498561222,5.17372834208957,0.11504285714285714,0.0007679817174694653,220.4591836734694,80.63153262516757,3.8307156881546347,49.25570412611286,44.17459159921236,0.0,0.0,0.0,0.11460958736984966,0.2815890920871603,21.872532616618077,38.66486132874468,4375.029908264644,4985.596102342241,0.00021212301740248092,0.11252857142857145,6.900655593423357e-05
pc4,0.13086945853546053,0.14968701779821497,2.77851328667429,0.8265616015405456,0.8779215871516296,0.0025493405164638953,0.5680919104322624,0.0,0.01675339911370053,0.02432522299743856,0.5353247216329435,0.35097711290703604,0.2439443457984907,469154.3929073484,8762157.949538196,106280594.7056266,646390558.8224281,0.8580255077940482,0.017097569807600067,10.728397465204013,1.454861009092415,4.227383619908383,25643.671109794,0.8231845746621413,2.2042694356018613,360.8931081081081,1933.7961511018839,3.263940088010266,0.8294084765506508,104.57528281035245,150.62107253415365,0.4765125654297106,0.9067076051015588,0.015357265639090095,116.14768540540543,590.4111702080796,41034.6472972973,230294.89897407006,583.4640334779226,3203.123381612302,83.70851351351352,409.2778892364795,0.21675675675675674,0.4790560977012449,0.04989792029696802,0.036710714458153,0.8737883797827115,0.028976816382582978,0.24324324324324323,1,0.0,34,54.6839497545777,0.8196032120925839,0.026337456188161714,0.3227284186985776,0.8779215871516296,0.0025493405164638953,41034.43054054055,230294.9384100951,0.4765125654297106,1837.8290669668515,10284.035934899324,0.0,6.437016115950555,5.167200951183544,0.03634396323185577,0.0865223606927128,142.83245372084414,733.3158121388436,106280594.70562665,644186452.5722997,0.6772715813014224,0.8779215871516296,0.0025493405164638953
pc3,0.19803365344875518,0.18436921920229685,2.8956659163709317,0.6882030391142526,0.8976318797974849,0.0003155615819301921,0.44471618334846125,0.0,0.008790190692814887,0.007062759117292839,0.4764549714253225,0.40583099780225507,0.30066405305806865,12768345.744951792,278742719.0831707,3478069177.695143,21155909590.126255,0.8598236158745713,0.03211747333315726,11.836604566330891,4.113456375977849,10.987997983639257,1313.7774634132688,2.0002768775259656,4.589008207548718,356.1205405405405,1884.8013280688172,3.3318682149325687,0.6767649115064716,237.87796436835845,271.6719301621953,0.2465291699941614,0.8944063367630246,0.020677433443696897,142.5463801621622,729.5396305672683,367116.3932432432,2095785.9431279234,1008.1458672684201,5596.584788895956,105.65810810810811,521.827054624411,0.29891891891891886,0.5189454252176758,0.040252672863685425,0.021190515242555524,0.2868365180467091,0.20956029024335548,0.3408408408408408,1,0.0,34,70.93723324105768,0.8381593989874245,0.018801699954628864,0.1977724837320222,0.8976318797974849,0.0003155615819301921,367116.09432432434,2095785.9966737735,0.2465291699941614,10334.503124329442,58863.5161591177,1.3962129643651704,10.304517686065175,8.381371453743322,0.016497397299824537,0.02161396725973918,154.927167199148,789.0925519399393,3478069177.6951427,21087816087.78045,0.8022275162679778,0.8976318797974849,0.0003155615819301921
jm1,0.20778076340069498,0.1773076059727138,3.6501519802019957,1.0661120309905168,0.8065228656889752,0.00040166717817736216,0.31943966229995896,0.0,0.005602219358379508,0.003331877896046072,0.7086892115305542,0.5886732443715099,0.24489176572558485,54499699.39188335,724531470.0713224,9012456447.389235,41299941741.668564,0.20155625438880787,0.01692290296831294,15.924394621183561,1.462693882403102,5.0326127483056124,94751.68191094667,0.9254289532632469,3.0625501544673823,610.3776190476191,2445.1901899441377,4.314337822631923,1.0564881543633369,586.2379099838774,761.9872059386382,0.11363745689084528,0.8099286649921676,0.02537675163618455,176.10464,653.470532262088,1567411.5785714285,6772549.409521493,1902.7790061902579,8017.3308361721965,121.91190476190476,440.33822724831697,0.19047619047619047,0.40237390808147827,0.044503369100625925,0.012453831535715653,0.8043243261491926,0.022794722274421926,0.6571428571428573,1,0.0,21,81.01967747539943,0.6771716158915356,0.024489306051644726,0.10204169785031182,0.8065228656889752,0.00040166717817736216,1567411.388095238,6772549.4557756325,0.11363745689084528,21963.750492049818,94639.0649641987,1.1925349728661885,15.831929023831183,11.232752671921647,0.007117225676895477,0.008196256867453166,212.24071220771262,814.3037794230661,9012456447.38923,41166144403.07497,0.8979583021496882,0.8065228656889752,0.00040166717817736216
kc2,0.30237091336438676,0.1688458759969602,2.474947603100613,0.6779439188401618,0.8329825834542817,0.10044443920330756,0.5985821241842401,0.0,0.057040766344953045,0.025605853102137192,0.7317786193052257,0.775320960298443,0.21398333351693138,5460267.115496648,60240853.14629391,613850878.368749,2812809834.503191,0.7042815674891147,0.1589274524073178,4.143978470526874,3.6272236882925055,7.317385882848898,67085.96873145648,1.6388310055103876,2.821226397295619,425.15714285714284,1651.4660829599418,3.0301378003110235,0.6450536563049707,128.34934267348595,88.47840185936026,0.5583619631239586,0.8329462989840348,0.08442623394027773,59.56416100000001,197.18822576259427,111741.90809523809,467657.40987740183,977.893699142492,4032.8960673427614,42.053571428571416,133.11423153764264,0.38095238095238093,0.49761335152811925,0.17658842209481504,0.039856380451538734,0.8291364296081276,0.08118238825626925,0.8952380952380953,1,0.0,21,13.015344685348326,0.737300435413643,0.07599072734615273,0.358300559392917,0.7660740203193033,0.1177498054349676,111741.52714285713,467657.5045359737,0.5583619631239586,5875.729587941181,24663.596943411336,1.543370504548231,8.90170443731233,4.332083350081442,0.020272758150939457,0.02738632289029678,128.41725508037612,479.4470533563744,613850878.3687493,2799183414.5187006,0.6416994406070831,0.7948113207547169,0.12011216227481063
kc1,0.31184047900614115,0.1915677778608305,2.6382556617113027,0.9806911640767549,0.8454254118709095,0.0023633622341291765,0.46772336609247006,0.0,0.02467666650781884,0.011062071149875185,0.6211733422333799,0.7203468143848014,0.22116407577556058,145365.76967326197,1304494.7813997709,14549820.294238303,66667325.946776904,0.5698194538478899,0.14956880895314367,6.886717397147576,0.7675521309389823,2.0497988226099166,13059.329767597515,0.46878417905216874,1.0602854337503682,136.03,491.2036518288519,3.1692302479320333,0.9501428625482439,31.74211070801197,29.145626866534958,0.28002481763542014,0.8506747912435115,0.03047553958146537,23.379189999999998,69.20610464522122,16869.353333333333,70679.43543063146,285.096916615864,1138.6964242537624,17.240000000000002,46.75545818404521,0.23809523809523808,0.4364357804719847,0.09019875601264908,0.03206763346121173,0.8236538027533287,0.05924305494017209,0.7904761904761906,1,0.0,21,28.249357511552873,0.7515842924847663,0.04936208700665589,0.21876514718887077,0.8454254118709095,0.0023633622341291765,16869.115238095237,70679.49475173083,0.28002481763542014,915.4550143765099,3794.3840780073606,1.1337195340579964,4.197201110528563,2.014743403578168,0.018697467233422003,0.020748046350336658,42.75609163002217,144.02993618115121,14549820.294238307,66396708.69012809,0.7812348528111293,0.8454254118709095,0.0023633622341291765
pc1,0.19953018034619643,0.14967971923527168,2.9376186363236885,0.6653433284693523,0.926969696969697,0.00780991229902097,0.3862234057686123,0.0,0.006607209615140487,0.004253453718994671,0.36380010531923423,0.6327333982262607,0.22734863966635027,9113908.17003893,112468708.57684538,1391021745.0931783,6374271207.053256,0.38481572481572485,0.2591706727682824,11.412045718086157,5.13634683427259,13.238246287582859,79096.96169872099,2.310722146464298,5.107114305132719,638.0409523809524,2569.2990251952087,3.2695401359742937,0.6576857987520683,115.30369645839482,106.83403981354654,0.17532087437203348,0.9278705978705979,0.01848161642900723,251.744774,979.92438648221,216793.89238095234,932348.7081274617,1500.9949675812618,6271.058531336306,183.56190476190477,691.9780333335666,0.3333333333333333,0.48304589153964794,0.03187860566862896,0.013922682950796995,0.8918018018018017,0.03866872178931693,0.6904761904761906,1,0.0,21,91.1501607334895,0.8864373464373465,0.04764117118497522,0.14916851916350615,0.9305733005733006,0.004262311568102663,216793.55904761903,932348.7892353402,0.17532087437203348,8678.609588564534,37168.382460601846,0.0,7.986854451200737,4.07334211398489,0.012637119973169433,0.01239065377193521,266.34375883486825,1033.9844794769933,1391021745.093177,6353362935.781049,0.8508314808364938,0.9305733005733006,0.004262311568102663
adult,0.04346351569074129,0.1383837297575836,0.3492464550086387,0.7785544983618955,0.7607182352166999,9.418661374134425e-05,0.6060852008702136,0.0,0.03241624843319702,0.1047272213634963,0.7938438393644257,0.0,0.0,536.3207047700522,36786.96389860426,99185004.76918247,1049077983.2857796,0.7562965361378873,0.013990764857190066,76.2218872164411,1416.7010330130568,15051.78351434925,4201.674967672096,1118.064547495292,11877.979418129664,1063.075221238938,11297.227949183334,1.132675387732007,0.7655552951018074,0.0,0.0,0.5806260033373473,0.842512634994723,0.0031352377765508552,791.2819884955751,8409.473011242051,14115.592920353982,140432.8673856453,1689.6269787028648,17841.330023421928,1577.3053097345132,16758.349239131094,108.88495575221239,1155.660739826019,0.010414906641057205,0.025247321336159433,0.794992095007448,0.0029952679182891945,0.0018963337547408345,1,7.0,100,32.53332555395687,0.7425988857565111,0.006297205905720978,0.3673392707138871,0.7607182352166999,9.418661374134425e-05,14006.70796460177,139279.82862547156,0.5806260033373473,1004.45784176704,9952.519342349586,0.0,0.0,0.0,0.4964914285163868,0.15377380016539322,1570.7153136661736,16688.095311775993,99185004.76918261,1049077910.3984143,0.6326607292861129,0.7607182352166999,9.418661374134425e-05
Bioresponse,0.011900087809961388,0.025886780948140262,0.5880876220916122,0.8175889519989463,0.7368744680851064,0.02518320534863545,0.8413521414706828,0.0,0.0034085443879942035,0.018090054812522977,0.9948419318795931,0.09119560443313587,0.11341971609892891,0.0028058929518841465,0.007250158724814812,0.04531984104218671,0.3347428127193394,0.7190553191489362,0.06669425454029769,257.08889483142605,0.006380045538202024,0.05901741192558845,1.2855625677349352,0.005863704459168912,0.055614869073338374,0.09244471324774775,0.2727754801507243,1.5790599121785025,0.8120695715561839,162.14473177180864,358.7208439975506,2.4231736817405856,0.7160829787234043,0.02427907814050135,0.006577385998802027,0.030569484202332613,0.953342438124437,0.1298328327834107,0.08787999840578174,0.14884883453847492,0.03804085686148649,0.1649966130000073,0.001312820079391892,0.016547562115016023,0.0038696417927033136,0.008622477625824498,0.6121056737588652,0.023515561779223253,0.013818043395508184,1,0.0,1624,150.97469264481376,0.7435382978723404,0.02452248095219823,0.7078734259573038,0.5385219858156028,0.007442007683611076,0.952029618045045,0.13064857012660977,2.4231736817405856,0.15803081243142927,0.14267994238116952,0.0,8.200181447480729,8.502654204092266,0.3031469535990753,0.19683507389636534,0.05011245049429758,0.1496740702709637,0.04531984104218668,0.06866739948348202,0.2921265740426962,0.5422553191489362,0.0012614281506131745
wdbc,0.07574313438545512,0.10794911502343559,2.999955970180525,4.8835063889264575e-05,0.8893170426065163,0.027351316622284193,0.879957192374748,0.0,0.05158464086252799,0.03583982015886093,0.9526351224018599,0.39489663070391817,0.2638053656327699,676.4651048491816,9367.754876816343,15063.218541913284,80983.16589235152,0.8577380952380953,0.03326329119877229,3.105245541925668,54.205967045723625,168.8528853807651,1009.1627866986585,48.40541217985295,148.47946832600834,35.21501196666667,120.48750179568795,3.6458085500942636,0.22568425948582166,7.698004290153014,12.717419171316568,3.431144323636999,0.9560463659147869,0.027773871277620973,20.797861403199995,70.00092902515408,264.18550833333336,883.8964955090008,61.89071233954306,195.861385983987,50.799370566666674,157.19118789388529,15.604080399999999,42.52496991277915,0.3067825424881211,0.2256982873889457,0.9367794486215537,0.029982874313937462,0.3333333333333333,1,0.0,29,8.778770153770033,0.9156954887218045,0.03171387988991527,0.7743246604120493,0.706203007518797,0.09518515673164492,248.58142793333337,843.04594241171,3.431144323636999,34.904718603211656,119.67576524672921,0.0,1.7312412463356572,1.2719951569968126,0.0002087540337474961,0.00015182160995835746,53.29460552322644,165.81689209219886,15063.218541913287,62593.54696118781,0.22567533958795072,0.8314536340852129,0.1055234909158867
phoneme,0.05784617477995359,0.02696738940248617,4.025713145672159,0.13807485858125956,0.7537019921955227,0.0181352211785814,0.4977938930024686,0.0,0.010766959565400873,0.0042081820148892396,0.8731822577241407,0.1260888570343117,0.10832019670828158,0.12608885777823445,0.10832019700097267,1.0000000092334422,0.36371925042755465,0.7222396796056685,0.02161634796177006,6.015372460973921,0.0,0.0,1.301922295108282,0.0,0.0,1.27689385,0.40088217078750205,4.75373693425925,0.1605780746161544,0.33708925020240743,1.2240181631869778,0.3294314695374426,0.7583271719038818,0.011731378518644715,0.8669159536800001,0.3288854727860956,3.551564,0.7522140137617087,-1.2287194670162342e-08,3.122782162620287e-08,-0.197776,0.12470175975402273,-2.7242244,0.28821755508434943,0.14515846913704955,0.05517552157804472,0.7605466557130143,0.013089835511974632,0.0,1,0.0,4,26.73322954977799,0.9043304579995892,0.006920929101789485,0.24779875991055317,0.7394536865886219,0.009500928171788008,6.275788400000001,0.733731676820144,0.3294314695374426,1.0000000046167208,6.790551905854402e-09,1.2344919923071733,0.779032596267041,0.550767099081751,9.700101941377188e-06,1.539682271528302e-05,-0.151913751972873,0.09556086136207767,1.000000009233442,1.358110399772359e-08,0.7522012400894468,0.7394536865886219,0.009500928171788008
qsar-biodeg,0.03787966745545199,0.052445824796279024,1.9212987443485579,1.230539343046578,0.7404043126684636,0.1001316529918959,0.7041822472530493,0.0,0.02372439863394536,0.018057750531616297,0.9223486063040568,0.1653857250051487,0.17898588013075617,0.4713939086113808,1.780599784393127,7.936983689426902,27.919171533049543,0.6919227313566936,0.04517228677163709,13.698431907517781,0.0,0.0,5.792884988618991,0.0,0.0,1.467558536585366,2.833466419950624,2.7763149280416832,1.2028740578852042,44.40592861158518,127.07516027032696,0.9836257146133884,0.8482300089847261,0.05790446268574821,0.6465510117073169,1.6251373145371173,16.562963414634147,26.353648693394966,2.683521574384464,6.006690382864273,2.2048853658536585,6.063828401165431,0.3683878048780488,1.4412860285514326,0.06733242261093157,0.05327418354467015,0.7174213836477987,0.03804862485624769,0.05975609756097561,1,0.0,41,27.534525713569536,0.7837286612758311,0.0576602048579154,0.4958726373463547,0.658796046720575,0.013197947749504496,16.194575609756097,26.463568471851833,0.9836257146133884,1.5943960155554693,2.3515435698457594,0.0,3.7878442281591074,4.779485782610065,0.10363270828272975,0.14244531088754933,2.359163279774978,5.982838504271924,7.936983689426899,25.308812806845065,0.5041273626536453,0.6625696316262355,0.003660949683869525
wall-robot-navigation,0.08472833147847214,0.04260521158991312,3.7917389969817297,0.28195381546567305,0.6992297610646234,0.030809981708940618,0.5128842646592361,0.12180370354585615,0.03795765851200782,0.016536410571679358,1.714632742265977,0.17213448136854795,0.12133501249999441,0.26791740354064825,0.21159722519448013,1.6148359860575532,1.763651982037587,0.686403199247236,0.0302688147126437,4.858806029577314,1.7480217434180811,0.7342731764678583,4.829027032994679,1.5362247297804164,0.6730462305572147,1.4267604166666665,0.968529657912622,5.153479952288444,0.2879205565891512,2.363586003938769,4.654139061494861,1.2041117735954059,0.6279480458379542,0.041822600411280664,0.8468117,0.5407901813193045,5.008958333333333,0.019043381063215636,2.04579234634653,0.7628345990620921,1.6613749999999998,0.7920730676933899,0.6217916666666666,0.27232620771015986,0.35289178695926243,0.13351404989590993,0.515405114762913,0.03299001247276623,0.021739130434782608,3,0.0,14,9.74476408094883,0.7817424471552913,0.07066380498636202,0.8188230912001098,0.4376741607016837,0.01815618784750635,4.387166666666666,0.26828143345418426,0.6384681902162994,1.2512399704111543,0.2266608786628666,1.501657945996511,1.521420721585599,1.0854695211550245,0.00046096017060357164,0.00015935048561201777,1.747510664834046,0.8264562238374003,1.6148359860575532,0.5631045655238023,0.3736806282652281,0.4818600665389655,0.05008164933527683
semeion,0.021555552996225885,0.05352640768008184,0.8750074779214245,0.1174695412734803,0.1920990566037736,0.007594744720254288,0.7885360123962194,0.13210318319009598,0.18832876822022548,0.10191639496024314,3.3218194896867796,0.09666217663910183,0.10628713781835449,0.020139846873916224,0.022734075743129384,0.20925741831016345,0.48729198495023995,0.15005896226415097,0.039776918869802676,22.391246520884096,0.0,0.0,4.268807050068418,0.0,0.0,0.77734375,0.4168443248701733,4.048473481053155,0.1283509978723011,-0.9666594881565196,1.7626815390667212,24.113629897416597,0.883242924528302,0.021783792612328486,0.0,0.0,1.0,0.0,0.3286252354048964,0.10746975641584226,0.05859375,0.23532283832066558,0.0,0.0,0.1483534865550496,0.07724714811776762,0.7909787735849056,0.018960266133568996,0.017279411764705883,9,0.0,57,4.898125472074667,0.9127476415094339,0.023546651438958333,5.735711393683223,0.14124213836477986,0.011904109752602976,1.0,0.0,7.006009344844131,0.4553505374478151,0.0438270409488298,0.0,0.8078584256813712,0.618713381025555,0.4996859296482414,1.6685967037015178e-16,0.22255012408568442,0.16583022979051948,0.20925741831016348,0.03619274012707294,3.074667901108969e-05,0.17077830188679247,0.020073949994782795
ilpd,0.09107010074373956,0.18686855556205062,2.297819541791553,1.1009790868118556,0.7135593220338983,0.007615110352460628,0.34664997592025454,0.0,0.05238093227442672,0.1411840735402505,0.8640904272487623,0.0,0.0,930.4057449637036,5346.955524924011,14679.484632142829,34123.48912496703,0.6050847457627118,0.09326264170357504,18.96139787949822,32.63106061255403,69.15814816253229,153.77825653633784,27.77938889805363,61.46663498239247,21.075,37.61001136061321,3.116338939270245,1.0793305212220872,0.0,0.0,0.13657830217300151,0.7118059614260667,0.018086505162718026,12.349185242799999,22.25451368869163,770.2999999999998,1526.7625063869923,45.19198660034306,85.5945075921735,28.578922000000002,59.18622347229362,7.616666666666666,17.83050671453197,0.045571029770070354,0.03777128480285032,0.557364114552893,0.09954496569836238,0.07575757575757576,1,1.0,9,49.4228136468553,0.6465225014611338,0.05019673744301543,0.12016620580551306,0.7067796610169491,0.023305865937979564,762.6833333333334,1518.972796951541,0.13657830217300151,61.89528299485928,108.78732500599058,0.0,0.0,0.0,0.17423329775038224,0.3212618561103986,30.7107308300095,63.63862505380571,14679.484632142821,28568.22747282159,0.8798337941944869,0.7135593220338983,0.007615110352460628
madelon,0.004454871106587377,0.0005640907659163204,3.6116386370003495,0.32826613239648234,0.6126923076923078,0.019699417786929248,0.5039281120705734,0.0,0.00045761274331996887,0.0005277177393063218,1.0,0.01603795792792066,0.020051162828518716,12.086845183995719,112.02993923090574,909.8862264397551,2993.507701803467,0.5146153846153847,0.03149778490067064,257.5732319544496,486.1568736430034,23.780395112936976,85.89101826006885,485.23780799620135,23.703100701380038,33.47,24.752914243115985,4.607756245990957,0.32766329758987184,0.078495081707016,0.19129177955211724,0.3403811326313432,0.5607692307692307,0.03458213027540775,24.8528238,18.31954281148679,577.804,66.37291851821232,488.0610338461538,9.925106711476635,487.953,9.790556725845779,400.176,54.13814645703718,0.0038823910093920178,0.004694202671250733,0.5976923076923077,0.024607370490277072,0.00039278557114228455,1,245.0,487,929.2614363837432,0.6515384615384616,0.027268841992093177,0.2539435421350124,0.4957692307692308,0.00819911638734332,177.628,118.3025468922897,0.3403811326313432,24.752039667546956,17.25741566767721,0.0,0.03291173450327098,0.05456964847982362,0.014255904472656044,0.02414894182174305,487.96033717948717,9.834539759557693,909.886226439755,1616.396952763002,0.7460564578649875,0.4946153846153846,0.007734924681537614
nomao,0.11314946612135605,0.19251486604327747,0.939678823523989,1.0677432606086168,0.8472335242855875,0.058235102459161324,0.8413649295131334,0.0,0.10708740438647277,0.17210582669318594,0.8629999927875766,0.0,0.0,0.007520105750755523,0.018070204296058833,0.06809757754737195,0.28956283965099544,0.7801508575003859,0.061347830027006084,16.191805440641563,0.07079544677819521,0.23132889476497623,2.515254745033997,0.05984185255444249,0.20623643981462403,0.2148943645320197,0.3734837667187834,1.7493802514324794,1.0158490194210845,0.0,0.0,2.423425858483511,0.9309429448269047,0.04047240387637527,0.03240324548275862,0.11292955560941959,0.8571428571428571,0.350792192984854,0.490722827998705,0.3718369728654799,0.4952584482758621,0.44459846050706087,0.00441092118226601,0.02003928027041224,0.053298564879086276,0.07756916845162706,0.7969488217314811,0.0815993799504573,0.039360093644832464,1,35.0,128,16.630471395538606,0.925168529128848,0.028430053925361423,0.7078949446146399,0.7143769149315368,0.00011691205661395911,0.852731935960591,0.34955719602268015,2.423425858483511,0.20852494441490282,0.15727930941164994,0.0,0.0,0.0,0.3788472066501055,0.3327097844855437,0.4948164256992351,0.41077777563587464,0.06809757754737188,0.07799848407161912,0.2921050553853601,0.7143769149315368,0.00011691205661395911
ozone-level-8hr,0.056648907336592044,0.0769963938535309,3.614843890985275,0.2725524388024551,0.919929351716411,0.05348226084752449,0.42068561513970026,0.0,0.003350103779882382,0.0019517408649587819,0.33979042531608006,0.35342911808297073,0.30389825937009607,25.218704749014496,103.10342943423102,216.95079783503647,1221.1029282650577,0.882407954934487,0.038026028349800574,11.949715417766274,0.0,0.0,63.365882346052445,0.0,0.0,10.022847222222222,16.58464243408555,3.926199293923258,0.27072288520462506,1.4842021477364715,9.115229899155029,0.21503196742343864,0.9313420061622733,0.015641063506503544,7.372229200116667,12.284978828436811,316.4888888888889,1447.7205528999334,296.494606499841,1419.646350984422,296.91818277777776,1419.69586496794,268.71527777777777,1377.3952223753563,0.028435022378097443,0.014755431993795736,0.6890604089508574,0.12241194503570532,0.2875586854460094,1,0.0,65,126.12646548749225,0.8887024991441287,0.030265807900499188,0.176976386785468,0.9368584855746788,0.00012857309875055433,47.773611111111116,87.69951783806873,0.21503196742343864,7.570160866371554,12.723677210665114,1.1368357091814785,0.08585427834922096,1.1264635177537354,0.007360282350413131,0.005698160452950314,297.0410714395441,1419.9129256122994,216.95079783503652,824.7534118683466,0.823023613214532,0.9368584855746788,0.00012857309875055433
cnae-9,0.0004250360601831566,0.00292455792232217,0.05016047631298641,0.09735527785968318,0.20555555555555555,0.014344382763731173,0.9751405274155565,0.013485674103102948,0.034934405566975614,0.08257353597087214,3.1699250014423126,0.009671201445370195,0.05118349364820646,9.316976081229355e-05,0.0007607643257915075,0.008251031724950765,0.03287467321924939,0.20555555555555555,0.014344382763731173,195.1671877596786,0.0,0.0,1.552887096132019,0.0,0.0,0.0035046728971962616,0.059130997217531026,3.2038433776470283,0.07164827220468532,632.3340870224067,420.22425159964297,242.93825800099398,0.8722222222222221,0.04737428112185159,0.0,0.0,1.147196261682243,0.42639968487425317,0.008213265835929387,0.027450030340099178,0.0,0.0,0.0,0.0,0.016242100108270437,0.03919000488912911,0.8916666666666664,0.018544220846666407,0.0026807673389080177,8,0.0,854,2.0882999106405467,0.8638888888888889,0.029619982997555742,7.608465429508423,0.11759259259259261,0.006249523682505118,1.147196261682243,0.42639968487425317,103.86714867297323,0.06570782004442141,0.0627543999354539,0.0,23.098081703077074,9.92134074538514,0.47930759703082654,0.05752123249115583,0.0009122245298257758,0.015636942084460186,0.008251031724950767,0.024039432525589058,8.58835276610682e-12,0.11388888888888889,0.004472647143885629
first-order-theorem-proving,0.11320117651410809,0.10236262972193158,3.3438800107756994,0.961858704214723,0.4174566498721693,0.0007723707173451282,0.28020048141557247,0.10842342840617498,0.016189218084373982,0.00849066880755459,2.3000070580673455,0.23782530348256709,0.2173663805012553,0.23252544314943988,0.21345354257164012,0.9902509755931387,2.2624145141021765,0.3600970229881369,0.03648147276375665,21.67261035598311,0.0,0.0,1.443038132186836,0.0,0.0,0.6756467794117647,0.48913726759554066,5.537762009595977,0.9326675954308925,227.92792815917937,589.3786755368322,0.509483692712468,0.45146951852208417,0.0660912468326831,0.3209576376588235,0.29598061854919616,14.915953921568626,15.456558922561268,-0.0005510331198841106,0.019781702773370904,-0.1625565294117647,0.28568472845641246,-1.176286705882353,1.0212708527977343,0.10612505924706885,0.037312692552020216,0.1694992672464512,0.03148402913986652,0.12705882352941175,5,0.0,46,30.508863547400626,0.5371225249510607,0.0564002265871936,0.4395841082369886,0.4174566498721693,0.0007723707173451282,16.09224062745098,15.025622348510323,0.2549021064586942,0.9916438519187989,0.08385293957687127,0.0,7.437327695804745,11.334262908999055,0.006730694440604201,0.010837519604526207,-0.1479718880291768,0.19278017556477678,0.9902509755931393,0.19795607152624412,0.6235540031864377,0.4174566498721693,0.0007723707173451282
banknote-authentication,0.07073367549921593,0.03808910374616643,3.4594097747073844,1.6114746737255955e-05,0.8527557389188617,0.03610296320108403,0.9299744356425368,0.0,0.024286779730748016,0.024028284464771864,0.9911281257467459,0.42562485877722683,0.20115753897980734,6.667856244713238,6.690612368015216,16.379406095066514,22.541871717780765,0.7943933142917592,0.05350394319983224,4.650453395733749,0.0,0.0,6.825190282929079,0.0,0.0,5.16994625,2.4030084736234802,4.2374128476031565,0.22353036055417833,0.13532211734199429,0.9143370649797784,6.3993202763897745,0.9766740717232626,0.009606629139695812,3.7745402204999996,1.9883103092118917,10.038325,6.798080204182647,0.6405147434402334,1.3682029662319077,0.7114524999999999,1.2009305912881338,-8.662374999999999,3.658645920168644,0.21312505285097383,0.2235437130758051,0.8410769068020736,0.04021180759421389,0.3333333333333333,1,0.0,2,15.231830694847272,0.9992700729927007,0.00230823186873604,0.8648524509486548,0.7033269861419655,0.028851833888545467,18.700699999999998,7.471094772075464,6.3993202763897745,3.780713139220149,1.6675787853430488,1.1096941901073076,-0.11903070433627125,0.8832536596646683,7.019218105145433e-05,4.892169632139492e-05,0.6875092299757282,1.2762182601216172,16.379406095066525,13.456613246905015,0.13514754905134518,0.5553898233365069,0.0013604071883372047
blood-transfusion-service-center,0.22206201045932897,0.36601230718942435,2.8825407662002718,0.26857768785511843,0.762054054054054,0.004330326165275621,0.3592441979316584,0.0,0.010159305490259443,0.008808436508002894,0.7916446298452328,0.4659982618308533,0.34524252286320795,5568.26656984444,8964.729360935107,532947.0217505494,1065615.4081046782,0.5039819819819819,0.06385491416230459,20.080307416122807,234.43798669735784,450.5080166328373,749.0272768600212,159.36293555602893,308.3459053249692,325.0625,616.7509078158432,3.634761466250007,0.2964215992974403,10.11314442351075,7.549084686237917,0.14817996575332124,0.770054054054054,0.01507227520270554,193.10864999999998,365.53908149549477,3180.5,6213.030902868583,356.99498663101605,681.2398449533911,259.75,493.6154880066062,63.25,124.50267734738344,0.03942392979549747,0.02791534888642516,0.7473513513513513,0.03669652958976612,0.5,1,0.0,3,72.11652544920778,0.5712252252252252,0.1801516704171344,0.12905639374756056,0.762054054054054,0.004330326165275621,3117.25,6088.530275581018,0.14817996575332124,374.5345494748774,723.5752833444031,1.2693209815739324,2.2540426334608235,1.183456051730015,0.025117841091412796,0.009126015932186244,267.44944444444445,506.6477343453575,532947.0217505496,1065431.503059369,0.8709436062524394,0.762054054054054,0.004330326165275621
PhishingWebsites,0.2119723257272475,0.24492689398919848,0.4854220484484707,0.3732930436515679,0.8889210640439235,0.01526682185357008,0.8686033075786118,0.0,0.19051096567687187,0.22898231824527066,0.9906239227414301,0.0,0.0,0.008092856029374679,0.020777752599099183,0.11001809612097635,0.2381188312897061,0.7082370124291197,0.22876091561686132,37.93020017174785,0.0,0.0,1.620096144039588,0.0,0.0,0.24489795918367346,0.4322376324704122,1.4499289478613688,0.35457882196995605,0.0,0.0,3.0728503564700866,0.9289922512335022,0.007753864591658992,0.0,0.0,0.6938775510204082,0.4632508007972588,0.30612244897959184,0.3216505178361344,0.2755102040816326,0.44906804400026723,0.0,0.0,0.02611702332853208,0.07476577068566304,0.7086412247469582,0.017464985796753537,0.02819272038712392,1,31.0,44,17.586423205364348,0.9657991375712894,0.020138338353510882,0.7544717059365045,0.5569425511197663,0.00033108798825651187,0.6938775510204082,0.4632508007972588,3.0728503564700866,0.2701435353092168,0.19344877348131373,0.0,0.0,0.0,0.6530298386769219,0.23164635438817147,0.28925717731687883,0.39758841786037347,0.1100180961209762,0.08934744327876534,0.24552829406349555,0.5569425511197663,0.00033108798825651187
